<?xml version="1.0"?>
<pagescount>
	<html_total>3</html_total>
	<html_done>3</html_done>
	<images>15</images>
	<script>7</script>
	<css>5</css>
	<pdf/>
	<documents/>
	<excel/>
	<powerpoint/>
	<flash/>
	<audios/>
	<videos/>
	<xml/>
	<json/>
	<txt/>
	<autocad/>
	<fonts>23</fonts>
	<scraping_reload>1</scraping_reload>
	<is_pretty_url>false</is_pretty_url>
	<is_ebn>false</is_ebn>
	<email>vernongbarron4664674@yahoo.com</email>
	<theme_name>WmdTheme730125</theme_name>
	<server_url_front_page>https://www6.waybackmachinedownloader.com/wdo/files/demo/nodeportaldao.live_vernongbarron4664674_yahoo.com_i0yg5154kx/</server_url_front_page>
	<no_www_url>nodeportaldao.live</no_www_url>
	<hosted_domain/>
	<original_archive_url>https://www.nodeportaldao.live/</original_archive_url>
	<final_archive_url>https://www.nodeportaldao.live/</final_archive_url>
	<front_page_code_date/>
	<total_urls_from_api/>
	<max_reached_live>false</max_reached_live>
	<scrape_other_captures>false</scrape_other_captures>
	<total_size>4768</total_size>
</pagescount>
